Part Type,Company,Part Name,Vin,Voltage Type IN,Vout,Voltage Type OUT,"Max P (kW, 25C)",CEC Eff,EU Eff,Peak Eff,Eff @ 10%,Eff @ 20%,Eff @ 30%,Eff @ 40%,Eff @ 50%,Eff @ 60%,Eff @ 70%,Eff @ 75%,Eff @ 80%,Eff @ 90%,Eff @ 100%,Modeled System,Building Type,Cost,Cost/Unit,Average Cost/Unit,Cost Source,,Component,Average Cost/Unit
1,,,,,,,,,,100.00%,100.00%,100.00%,100.00%,100.00%,100.00%,100.00%,100.00%,100.00%,100.00%,100.00%,100.00%,,,,,,,,,
,,,,,,,,,,,,,,,,,,,,,,,,,,,,,,
SlopeTest,,,,,,,,,,,10.00%,20.00%,30.00%,40.00%,50.00%,60.00%,70.00%,75.00%,80.00%,90.00%,100.00%,,,,,,,,,
,,,,,,,,,,,,,,,,,,,,,,,,,,,,,,
Power Optimizer L,SolarEdge,P300,35 (8-48),DC,48 (< 60),DC,0.3,98.80%,,,97.18%,98.63%,99.14%,99.39%,99.50%,99.52%,99.47%,,99.41%,99.41%,99.29%,"B',C'",Small,53.73,179.1,182.0224206,https://tandem-solar-systems.com/buy-solar-products/solaredge-p300-mv-300w-power-optimizer/?gclid=Cj0KEQiAyuPCBRCimuayhb3qqvwBEiQAgz62kWRLWKk5bVNenjk0OzAjsxGVcaMEqF7uBz17wKUP8rsaAuTp8P8HAQ,,Power Optimizer,182.0224206
Power Optimizer L,SolarEdge,P400,50 (8-80),DC,48 (< 60),DC,0.4,98.80%,,,97.04%,98.58%,99.05%,99.25%,99.33%,99.33%,99.33%,,99.33%,99.29%,99.25%,"B',C'",Small,62.77,156.925,,https://www.altestore.com/store/inverters/inverter-accessories/solaredge-inverter-accessories/solaredge-400w-optimizer-for-7296-cell-modules-p11700/,,MPPT CC,
Power Optimizer L,SolarEdge,P600,60 (12-80),DC,48 (< 85),DC,0.6,98.70%,,,96.75%,98.41%,98.96%,99.16%,99.26%,99.26%,99.26%,,99.26%,99.22%,99.25%,"B',C'",Small,64.9,108.1666667,,http://www.invertersupply.com/index.php?main_page=product_info&products_id=6268&cPath=0_572&gclid=Cj0KEQiAyuPCBRCimuayhb3qqvwBEiQAgz62kRDYiNiF1cYKyUT2wciCH9BrmvOOxvgsDafyGmWaNm0aAmxf8P8HAQ,,DC-DC HL,
Power Optimizer L,SolarEdge,P700,80 (12-125),DC,48 (< 85),DC,0.7,98.70%,,,97.85%,98.46%,98.94%,99.04%,99.09%,99.11%,99.19%,,99.27%,99.24%,99.28%,"B',C'",Small,72.41,103.4428571,,http://www.invertersupply.com/index.php?main_page=product_info&products_id=6269&cPath=0_572&gclid=Cj0KEQiAyuPCBRCimuayhb3qqvwBEiQAgz62kXUqoWsnm6t-nrxrvdP8bnR7L-JzRMClfk_yoFqH4TcaAhF38P8HAQ,,String Inverter H,
Power Optimizer L,BlackMagic,BM5,(< 150),DC,48 (< 150),DC,0.7,,,99.50%,,,,,,,,,,,,"B',C'",Small,,,,,,Central Inverter,
,,,,,,,,,,,,,,,,,,,,,,,,,,,,,,
Power Optimizer H,eIQ,vBoost 600,(40-100),DC,380 (320-430),DC,0.6,98.30%,,98.50%,,,,,,,,,,,,"B,C,B',C'","Med, Large",,,272.25,,,Rectifier Equipment HL,
Power Optimizer H,Pika,S2501 ,(60-360),DC,380,DC,2.5,,,99.00%,,,,,,,,,,,,"B,C,B',C'","Med, Large",555,222,,https://www.altestore.com/store/inverters/hybrid-inverters/pika-energy-s2501-pv-link-optimizer-and-mppt-p40634/,,Rectifier Central LL,
Power Optimizer H,Pika,S2001 ,(100-320),DC,380,DC,2,99.00%,,99.00%,,,,,,,,,,,,"B,C,B',C'","Med, Large",645,322.5,,https://www.altestore.com/store/wind-turbines-river-turbines/pika-energy-wind-turbines-parts/pika-energy-s2001-solar-wind-mppt-p11773/,,Rectifier Central HL,
Power Optimizer H,Ampt,V1000-12,(200-460),DC,380 (< 425),DC,7.7,99.10%,,99.40%,,,,,,,,,,,,"B,C,B',C'","Med, Large",,,,,,AC Transformer,
Power Optimizer H,Ampt,V1000-12,(200-460),DC,380 (< 600),DC,7.7,99.10%,,99.40%,,,,,,,,,,,,"B,C,B',C'","Med, Large",,,,,,MicroInverter,
Power Optimizer H,Ampt,V850-12,(400-850),DC,380 (< 850),DC,13,99.30%,,99.50%,,,,,,,,,,,,"B,C,B',C'","Med, Large",,,,,,Rectifier LED LL,
Power Optimizer H,Ampt,V1000-12,(400-850),DC,380 (< 1000),DC,13,99.30%,,99.50%,,,,,,,,,,,,"B,C,B',C'","Med, Large",,,,,,Rectifier Equipment LL,
Power Optimizer H,Alencon,SPOT 600,(200-600),DC,380 (?),DC,25,98.00%,,98.60%,,,,,,,,,,,,"B,C,B',C'","Med, Large",,,,,,,
Power Optimizer H,Alencon,SPOT 1000,(300-1100),DC,380 (?),DC,25,98.00%,,98.60%,,,,,,,,,,,,"B,C,B',C'","Med, Large",,,,,,,
Power Optimizer H,Alencon,SPOT 1500,(700-1500),DC,380 (?),DC,45,98.70%,,99.00%,,,,,,,,,,,,"B,C,B',C'","Med, Large",,,,,,,
,,,,,,,,,,,,,,,,,,,,,,,,,,,,,,
MPPT CC L,Outback,Flexmax 60,68 (13-80),DC,48 (12-60),DC,3,,,,96.71%,98.01%,98.16%,98.06%,97.88%,97.64%,97.38%,,97.10%,96.83%,96.54%,"B,C",Small,485,161.6666667,198.5319264,http://www.wholesalesolar.com/charge-controllers,,,
MPPT CC L,Outback,Flexmax 80,68 (13-80),DC,48 (12-60),DC,4,,,,96.71%,98.01%,98.16%,98.06%,97.88%,97.64%,97.38%,,97.10%,96.83%,96.54%,"B,C",Small,530,132.5,,http://www.wholesalesolar.com/charge-controllers,,,
MPPT CC L,Morningstar,TS-MPPT-30,52 (< 150),DC,48 (12-48),DC,1.6,,,,98.58%,98.90%,99.06%,99.11%,99.16%,99.18%,99.16%,,99.13%,99.10%,99.05%,"B,C",Small,345,215.625,,http://www.wholesalesolar.com/charge-controllers,,,
MPPT CC L,Morningstar,TS-MPPT-45,52 (< 150),DC,48 (12-48),DC,2.4,,,,98.58%,98.90%,99.06%,99.11%,99.16%,99.18%,99.16%,,99.13%,99.10%,99.05%,"B,C",Small,415,172.9166667,,http://www.wholesalesolar.com/charge-controllers,,,
MPPT CC L,Morningstar,TS-MPPT-60,52 (< 150),DC,48 (12-48),DC,3.2,,,,98.58%,98.90%,99.06%,99.11%,99.16%,99.18%,99.16%,,99.13%,99.10%,99.05%,"B,C",Small,515,160.9375,,http://www.wholesalesolar.com/charge-controllers,,,
MPPT CC L,Morningstar,TS-MPPT-60-600V,300 (< 600),DC,48 (12-48),DC,3.2,,,,92.83%,95.78%,96.76%,97.26%,97.35%,97.80%,97.70%,,97.49%,97.34%,97.20%,"B,C",Small,1225,382.8125,,http://www.wholesalesolar.com/charge-controllers,,,
MPPT CC L,Apollo,T80HV,43 (< 160),DC,48 (12-48),DC,5.12,,,,98.71%,99.04%,99.00%,98.89%,98.74%,98.57%,98.39%,,98.21%,98.02%,97.83%,"B,C",Small,,,,,,,
MPPT CC L,Schneider,Conext MPPT 60 150,(< 140),DC,48 (0-80),DC,3.5,,,98.00%,,,,,,,,,,,,"B,C",Small,569,162.5714286,,http://www.wholesalesolar.com/charge-controllers,,,
MPPT CC L,Schneider,Conext MPPT 80 600 ,(195-550),DC,48 (24-48),DC,4.8,,,96.00%,,,,,,,,,,,,"B,C",Small,1328,276.6666667,,http://www.wholesalesolar.com/charge-controllers,,,
MPPT CC L,SMA,SI Charger 40,(< 140),DC,48 (36-65),DC,2.1,,,98.00%,,,,,,,,,,,,"B,C",Small,,,,,,,
MPPT CC L,SMA,SI Charger 50,(< 140),DC,48 (36-65),DC,2.4,,,98.00%,,,,,,,,,,,,"B,C",Small,,,,,,,
MPPT CC L,Magnum,PT-100,(< 187),DC,48 (10-66),DC,6.6,,,99.00%,,,,,,,,,,,,"B,C",Small,799.2,121.0909091,,http://www.wholesalesolar.com/charge-controllers,,,
MPPT CC L,Eltek,Flatpack2 48/1500 HE Solar,(170-230),DC,48 (48-57.6),DC,1.5,,,96.50%,,,,,,,,,,,,"B,C",Small,,,,,,,
MPPT CC L,Must Power,PC16-4515F,(64-130),DC,48 (10-58),DC,2.4,,,98.00%,,,,,,,,,,,,"B,C",Small,,,,,,,
MPPT CC L,Must Power,PC16-6015F,(64-130),DC,48 (10-58),DC,3.2,,,98.00%,,,,,,,,,,,,"B,C",Small,,,,,,,
MPPT CC L,Must Power,PC16-8015F,(64-130),DC,48 (10-58),DC,4.2,,,98.00%,,,,,,,,,,,,"B,C",Small,,,,,,,
MPPT CC L,Aims,SCC60MPPT,(65-150),DC,48 (<58.4),DC,3.4,,,99.00%,,,,,,,,,,,,"B,C",Small,,,,,,,
,,,,,,,,,,,,,,,,,,,,,,,,,,,,,,
MPPT CC H,Foshan SC Power,SC-MH MPPT 40A,380 (110-380),DC,240 (96-240),DC,11.04,,,99.00%,,,,,,,,,,,,N/A,N/A,,,,,,,
MPPT CC H,Foshan SC Power,SC-MH MPPT 50A,380 (110-380),DC,240 (96-240),DC,13.8,,,99.00%,,,,,,,,,,,,N/A,N/A,,,,,,,
MPPT CC H,Foshan SC Power,SC-MH MPPT 60A,380 (110-380),DC,240 (96-240),DC,16.56,,,99.00%,,,,,,,,,,,,N/A,N/A,,,,,,,
,,,,,,,,,,,,,,,,,,,,,,,,,,,,,,
DC-DC HL 0-1,SynQor,MCOTS-C-270-48-QT ,380 (155-425),DC,48,DC,0.15,93.72%,87.23%,,60.04%,73.18%,79.57%,83.26%,84.88%,86.16%,86.78%,,87.23%,87.23%,87.23%,"C,C'","Med, Large",,,,,,,
DC-DC HL 0-1,SynQor,IQ4H480QTx03 ,380 (180-425),DC,48 (3.3-48),DC,0.156,90.58%,88.69%,,63.26%,77.06%,82.62%,85.59%,87.10%,88.10%,88.48%,,88.69%,88.60%,88.39%,"C,C'","Med, Large",294,196,,http://www.vicorpower.com/products?productType=cfg&productKey=BCM4414VD1E13A2T02,,,
DC-DC HL 0-1,SynQor,IQ4H480HTX06 ,380 (180-425),DC,48 (3.3-48),DC,0.3,,88.64%,,62.20%,76.31%,82.18%,85.15%,86.80%,87.72%,88.30%,,88.59%,88.64%,88.64%,"C,C'","Med, Large",185,123.3333333,,http://www.vicorpower.com/products?productType=cfg&productKey=BCM4414VD1E13A2T02,,,
DC-DC HL 0-1,SynQor,IQ4H480FTX13 ,380 (180-425),DC,48 (5-48),DC,0.6,,91.60%,,83.45%,88.98%,90.73%,91.41%,91.60%,91.60%,91.55%,,91.31%,91.26%,91.31%,"C,C'","Med, Large",329,188,,http://www.vicorpower.com/products?productType=cfg&productKey=BCM4414VD1E5135T02,,,
DC-DC HL 0-1,SynQor,MCOTS-C-270-48-FT ,380 (155-425),DC,48,DC,0.6,,91.34%,,82.91%,88.50%,90.35%,91.07%,91.34%,91.32%,91.28%,,91.10%,91.04%,91.09%,"C,C'","Med, Large",,,,,,,
DC-DC HL 0-1,Eltek,Flatpack S DCDC 380/54 750,380 (300-400),DC,54,DC,0.75,,96.00%,96.00%,,,,,,,,,,,,"C,C'","Med, Large",,,,,,,
DC-DC HL 0-1,Vicor,BCM,380,DC,48,DC,0.33,,,97.00%,,,,,,,,,,,,"C,C'","Med, Large",,,,,,,
DC-DC HL 0-1,Vicor,BCM384x480y325Bzz,380 (360-400),DC,48 (45-50),DC,0.325,,,,83.55%,90.43%,93.14%,94.50%,95.20%,95.68%,95.94%,,96.07%,96.16%,96.20%,,,,,,,,,
DC-DC HL 0-1,Vicor,BCM6123xD1E5117yzz,380 (260-410),DC,48 (32.5-51.3),DC,0.867,,,0.977,90.96%,95.03%,96.39%,97.05%,97.37%,97.42%,97.53%,,97.53%,97.47%,97.42%,,,,,,,,,
,,,,,,,,,,,,,,,,,,,,,,,,,,,,,,
DC-DC HL 1-5,Eltek,Flatpack2 DCDC 380/48 3000 SHE,380 (260-400),DC,54 (50-55),DC,3,97.48%,98.20%,98.20%,,,,,,,,,,,,"C,C'","Med, Large",,,,,,,
DC-DC HL 1-5,SynQor,BQ4H480FTx64 ,380 (230-400),DC,48,DC,3.04,,97.88%,,97.10%,97.59%,97.78%,97.88%,97.86%,97.83%,97.75%,,97.65%,97.57%,97.48%,"C,C'","Med, Large",207,118.2857143,155.6666667,http://www.vicorpower.com/products?productType=cfg&productKey=BCM4414VD1E5135T02,,,
DC-DC HL 1-5,Emerson,S48-2000e3 ,380 (140-400),DC,48 (42-58),DC,2,,96.46%,,89.09%,94.36%,95.76%,96.19%,96.46%,96.42%,96.42%,,96.25%,96.14%,95.90%,"C,C'","Med, Large",,,,,,,
DC-DC HL 1-5,Emerson,C 400/48-3500e ,380 (260-400),DC,48 (42-58),DC,3.5,,96.84%,,94.80%,96.15%,96.52%,96.76%,96.84%,96.82%,96.68%,,96.47%,96.31%,96.04%,"C,C'","Med, Large",,,,,,,
DC-DC HL 1-5,EnSync,Matrix,380 (350-450),DC,48 (0-380),DC,25,,98.00%,98.00%,,,,,,,,,,,,"C,C'","Med, Large",,,,,,,
DC-DC HL 1-5,Vicor,BCM6123xD1E5126yzz,380 (260-410),DC,48 (32.5-51.3),DC,1.318,,,97.90%,93.86%,96.47%,97.33%,97.70%,97.82%,97.85%,97.82%,,97.76%,97.66%,97.55%,,,,,,,,,
DC-DC HL 1-5,Vicor,BCM6123xD0G5030yzz,380 (),DC,48 (32.5-51.3),DC,1.5,,,97.90%,94.84%,97.06%,97.68%,97.86%,97.89%,97.80%,97.66%,,97.51%,97.31%,97.10%,,,,,,,,,
DC-DC HL 1-5,Vicor,BCM6123xD1E5135yzz,380 (),DC,48 (32.5-51.3),DC,1.796,,,98.00%,94.46%,96.83%,97.54%,97.81%,97.85%,97.82%,97.70%,,97.55%,97.37%,97.19%,,,,,,,,,
,,,,,,,,,,,,,,,,,,,,,,,,,,,,,,
DC-DC LED Driver LL,CUI,VLD25-300,48 (5.5-48),DC,(3.3-36),DC,0.011,,,96.00%,,,,,,,,,,,,"C,C'",All,,,,,,,
DC-DC LED Driver LL,CUI,VLD25-700,48 (5.5-48),DC,(3.3-36),DC,0.025,,,96.00%,,,,,,,,,,,,"C,C'",All,,,,,,,
DC-DC LED Driver LL,Meanwell,LDD-300H, 48 (9-56),DC,(2-52),DC,0.013,,,97.00%,,,,,,,,,,,,"C,C'",All,,,,,,,
DC-DC LED Driver LL,Meanwell,LDD-1000H, 48 (9-56),DC,(2-52),DC,0.043,,,97.00%,,,,,,,,,,,,"C,C'",All,,,,,,,
DC-DC LED Driver LL,Meanwell,LDD-1500H, 48 (9-52),DC,(2-46),DC,0.065,,,97.00%,,,,,,,,,,,,"C,C'",All,,,,,,,
DC-DC LED Driver LL,Trionic,LED C350 12-48VDC 16VA dim,48 (12-48),DC,(5-45),DC,0.016,,,95.00%,,,,,,,,,,,,"C,C'",All,,,,,,,
DC-DC LED Driver LL,XP,LDU4860S300,48 (7-60),DC,(2-57),DC,0.017,,,97.00%,,,,,,,,,,,,"C,C'",All,,,,,,,
DC-DC LED Driver LL,XP,LDU4860S1000,48 (7-60),DC,(2-48),DC,0.048,,,97.00%,,,,,,,,,,,,"C,C'",All,,,,,,,
DC-DC LED Driver LL,XP,LDU5660S300,48 (9-60),DC,(2-56),DC,0.017,,,97.00%,,,,,,,,,,,,"C,C'",All,,,,,,,
DC-DC LED Driver LL,XP,LDU5660S1000,48 (9-60),DC,(2-56),DC,0.05,,,97.00%,,,,,,,,,,,,"C,C'",All,,,,,,,
DC-DC LED Driver LL,Diodes,ZXLD1356,48 (6-60),DC,(6-60),DC,0.03,,,97.00%,,,,,,,,,,,,"C,C'",All,,,,,,,
DC-DC LED Driver LL,Infineon,ILD6070,48 (4.5-60),DC,(4.5-60),DC,0.042,,,98.00%,,,,,,,,,,,,"C,C'",All,,,,,,,
DC-DC LED Driver LL,Infineon,ILD6150,48 (4.5-60),DC,(4.5-60),DC,0.09,,,98.00%,,,,,,,,,,,,"C,C'",All,,,,,,,
DC-DC LED Driver LL,Linear,LT3590,48 (4.5-55),DC,(4.5-55),DC,0.003,,,,52.64%,86.58%,87.92%,89.33%,89.85%,90.29%,90.29%,,90.29%,90.29%,90.51%,"C,C'",All,,,,,,,
DC-DC LED Driver LL,Linear,LT3763,48 (6-60),DC,(4.5-55),DC,0.24,,,,91.04%,93.24%,95.36%,95.98%,96.35%,96.52%,96.52%,,96.44%,96.27%,96.07%,"C,C'",All,,,,,,,
,,,,,,,,,,,,,,,,,,,,,,,,,,,,,,
DC-DC LED Driver HL,DirectCurrent,350V Public Light LED Driver,380 (350),DC,,,0.03,,,97.00%,,,,,,,,,,,,,,,,,,,,
DC-DC LED Driver HL,DirectCurrent,350V Public Light LED Driver,380 (350),DC,,,0.06,,,97.00%,,,,,,,,,,,,,,,,,,,,
DC-DC LED Driver HL,DirectCurrent,350V Public Light LED Driver,380 (350),DC,,,0.09,,,97.00%,,,,,,,,,,,,,,,,,,,,
DC-DC LED Driver HL,Bosch,BGT 250W,380 (290-600),DC,190 (140-600),DC,0.26,,,96.00%,,,,,,,,,,,,,,,,,,,,
,,,,,,,,,,,,,,,,,,,,,,,,,,,,,,
AC Transformer,(AEG),(PV 500-UL),,AC,,AC,> 510,,,,98.50%,99.10%,99.30%,,99.30%,,,99.20%,,,99.00%,"A,A', B,B'",Large,,,#DIV/0!,,,,
AC Transformer,(Ingeteam),(Ingecon Sun 500TL),,AC,,AC,> 500,,,,98.00%,98.50%,98.70%,,99.10%,,,99.20%,,,98.90%,"A,A', B,B'",Large,,,,,,,
AC Transformer,(Power Electronics),(FS0501CU),,AC,,AC,> 500,,,,96.95%,98.29%,98.63%,,98.70%,,,98.50%,,,98.19%,"A,A', B,B'",Large,,,,,,,
AC Transformer,ABB (Schneider),EcoDry Ultra 24KV 630kVA (XC540-NA),< 24k,AC,,AC,630,,,,99.19%,99.34%,99.44%,,99.44%,,,99.33%,,,99.19%,"A,A', B,B'",Large,,,,,,,
AC Transformer,ABB (SMA),EcoDry Ultra 12KV 1000KVA (SC500CP-US: 270 Vac),< 12k,AC,,AC,1000,,,,98.40%,99.10%,99.30%,,99.40%,,,99.30%,,,99.20%,"A,A', B,B'",Large,,,,,,,
AC Transformer,(TMEIC),PVL-L0630U-S,,AC,,AC,630,,,,97.05%,98.39%,98.73%,,98.80%,,,98.60%,,,98.29%,"A,A', B,B'",Large,,,,,,,
,,,,,,,,,,,,,,,,,,,,,,,,,,,,,,
AC Transformer Steve,,,,,,,,,,98.20%,96.65%,97.92%,98.18%,98.18%,98.09%,97.94%,97.76%,97.66%,97.56%,97.36%,97.14%,,,,,,,,,
,,,,,,,,,,,,,,,,,,,,,,,,,,,,,,
String Inverter L,ABB,PVI-3.6-OUTD-S-US-Z-M-A,310 (220-480),DC,208,AC3LL,3.6,96.00%,,,92.70%,95.50%,96.10%,,96.40%,,,96.40%,,,96.10%,A,"Small, Med",,,,,,,
String Inverter L,Fronius,Galvo 3.1-1 208-240,330 (165-440),DC,208,AC3LL,2.9,95.00%,,,92.20%,95.00%,95.40%,,95.60%,,,95.50%,,,95.10%,A,"Small, Med",,,,,,,
String Inverter L,Ginlong,GCI-5K-DB,410 (200-500),DC,208,AC3LL,5,95.50%,,,93.80%,96.10%,96.80%,,96.70%,,,96.10%,,,95.50%,A,"Small, Med",,,,,,,
String Inverter L,Ingeteam,Ingecon Sun 3.3 HF,371 (127-500),DC,208,AC3LL,3.3,95.00%,,,92.20%,95.30%,95.90%,,96.00%,,,95.60%,,,95.20%,A,"Small, Med",,,,,,,
String Inverter L,KACO,Blueplanet 3.0 TL1 M1 WM OD US3x,390 (140-510),DC,208,AC3LL,3.1,96.00%,,,93.40%,95.90%,96.60%,,97.00%,,,96.90%,,,96.70%,A,"Small, Med",,,,,,,
String Inverter L,Schneider,Conext TX 3300 NA,300 (240-480),DC,208,AC3LL,3.1,94.50%,,,88.90%,93.10%,94.50%,,95.10%,,,95.10%,,,94.60%,A,"Small, Med",,,,,,,
String Inverter L,SMA,SB3000TL-US-22,400 (175-480),DC,208,AC3LL,3,96.00%,,,92.80%,95.70%,96.30%,,96.80%,,,96.80%,,,96.80%,A,"Small, Med",,,,,,,
String Inverter L,SolarEdge,SE3000,350 (305-480),DC,208,AC3LL,3,97.50%,,,95.60%,97.10%,97.50%,,97.60%,,,97.50%,,,97.30%,A,"Small, Med",,,,,,,
String Inverter L,Solectria,PVI-3800TL,380 (200-500),DC,208,AC3LL,3.3,97.50%,,,96.30%,96.90%,97.80%,,97.90%,,,98.10%,,,97.50%,A,"Small, Med",,,,,,,
String Inverter L,Tabuchi,EHW-S55P3B-PNUS,300 (190-450),DC,240,AC2,5.3,91.50%,,,80.30%,88.80%,91.20%,,93.00%,,,93.40%,,,93.30%,A,"Small, Med",,,,,,,
String Inverter L,Delta,SOLIVIA 3.8 NA G4 TL,380 (200-500),DC,208,AC3LL,3.3,97.50%,,,96.30%,96.90%,97.80%,,97.90%,,,98.10%,,,97.50%,A,"Small, Med",,,,,,,
String Inverter L,AE Solar,AE3.8,360 (310-470),DC,208,AC3LL,3.7,97.00%,,,94.10%,96.40%,97.20%,,97.60%,,,97.50%,,,97.40%,A,"Small, Med",,,,,,,
String Inverter L,Ablerex,ES 3300-US-240,375 (150-400),DC,240,AC2,3.2,95.00%,,,88.80%,94.40%,95.30%,,96.20%,,,96.30%,,,95.90%,A,"Small, Med",,,,,,,
String Inverter L,Advanced Solar,PV240,360 (250-450),DC,240,AC2,4,97.00%,,,94.10%,96.50%,97.40%,,97.30%,,,97.10%,,,97.70%,A,"Small, Med",,,,,,,
String Inverter L,Agepower,AP 3600 MTL-US,375 (250-450),DC,208,AC3LL,3.6,97.00%,,,94.50%,96.70%,97.30%,,97.60%,,,97.40%,,,97.20%,A,"Small, Med",,,,,,,
String Inverter L,Powercom,SLK-3000,325 (250-360),DC,208,AC3LL,3,95.50%,,,92.10%,94.90%,95.60%,,95.90%,,,95.80%,,,95.40%,A,"Small, Med",,,,,,,
String Inverter L,Beyond Building Systems,SR3000TL-US-240,375 (150-400),DC,240,AC2,3.2,95.00%,,,88.80%,94.40%,95.30%,,96.20%,,,96.30%,,,95.90%,A,"Small, Med",,,,,,,
String Inverter L,Chint,CPS SCA4KTL-O/US,390 (200-470),DC,208,AC3LL,3.8,96.50%,,,93.70%,96.20%,97.00%,,97.30%,,,97.20%,,,96.80%,A,"Small, Med",,,,,,,
String Inverter L,Danfoss,DLX 3.8 UL,360 (230-500),DC,240,AC2,3.8,96.50%,,,94.80%,96.50%,96.90%,,97.00%,,,96.80%,,,96.50%,A,"Small, Med",,,,,,,
String Inverter L,Diehl AKO,4301 S-A,273 (217-440),DC,208,AC3LL,3.2,94.00%,,,91.60%,94.50%,94.80%,,94.80%,,,94.30%,,,93.50%,A,"Small, Med",,,,,,,
String Inverter L,Eaton Phoenixtec MMPL,PV240,360 (310-470),DC,208,AC3LL,3.7,97.00%,,,94.10%,96.40%,97.20%,,97.60%,,,97.50%,,,97.40%,A,"Small, Med",,,,,,,
String Inverter L,Eltek,3.8HE-t UL,360 (230-500),DC,208,AC3LL,3.8,96.50%,,,94.80%,96.50%,96.90%,,97.00%,,,96.80%,,,96.50%,A,"Small, Med",,,,,,,
String Inverter L,GE Energy,GEPVb-3300-NA,266 (195-480),DC,208,AC3LL,3.3,94.00%,,,89.50%,93.20%,94.10%,,94.60%,,,94.30%,,,93.60%,A,"Small, Med",,,,,,,
String Inverter L,Growatt,GROWATT 3600 MTL-US,375 (250-450),DC,208,AC3LL,3.6,97.00%,,,94.50%,96.70%,97.30%,,97.60%,,,97.40%,,,97.20%,A,"Small, Med",,,,,,,
String Inverter L,HiSEL,HiSEL-K 4000,350 (270-440),DC,208,AC3LL,4,97.00%,,,95.40%,97.10%,97.50%,,97.60%,,,97.40%,,,97.20%,A,"Small, Med",,,,,,,
String Inverter L,Geoprotek,GS-3000,325 (250-360),DC,208,AC3LL,3,95.50%,,,92.10%,94.90%,95.60%,,95.90%,,,95.80%,,,95.40%,A,"Small, Med",,,,,,,
String Inverter L,Jiangsu Zeversolar,Evershine TL3000-US,370 (275-480),DC,240,AC2,3,96.50%,,,93.80%,96.30%,96.90%,,97.20%,,,97.20%,,,97.20%,A,"Small, Med",,,,,,,
String Inverter L,MagneTek,PVI-3600-OUTD-US-F,330 (200-480),DC,208,AC3LL,3.3,94.50%,,,90.50%,94.10%,95.20%,,95.60%,,,95.60%,,,95.20%,A,"Small, Med",,,,,,,
String Inverter L,Motech,PVMate 3900U,250 (200-400),DC,208,AC3LL,3.4,95.50%,,,91.80%,95.10%,96.00%,,96.30%,,,96.00%,,,95.20%,A,"Small, Med",,,,,,,
String Inverter L,PVPowered,PVP3200-240,274 (230-400),DC,240,AC2,3.2,94.50%,,,83.50%,92.50%,94.60%,,95.80%,,,95.90%,,,95.60%,A,"Small, Med",,,,,,,
String Inverter L,Phoenixtec,PS240US3R,310 (250-360),DC,208,AC3LL,4,95.50%,,,90.70%,94.30%,95.40%,,95.80%,,,95.60%,,,95.20%,A,"Small, Med",,,,,,,
String Inverter L,Power-One,PVI-3.6-OUTD-x-US-y,310 (220-480),DC,208,AC3LL,3.6,96.00%,,,92.70%,95.50%,96.10%,,96.40%,,,96.40%,,,96.10%,A,"Small, Med",,,,,,,
String Inverter L,Sunna,SUNNA 3000TL-US-240,375 (150-400),DC,240,AC2,3.2,95.00%,,,88.80%,94.40%,95.30%,,96.20%,,,96.30%,,,95.90%,A,"Small, Med",,,,,,,
String Inverter L,Samil,SolarRiver3000TLâ€“US,400 (200-500),DC,208,AC3LL,3,96.50%,,,94.00%,96.30%,96.80%,,97.00%,,,97.10%,,,96.80%,A,"Small, Med",,,,,,,
String Inverter L,Schuco,SB3300U,250 (200-400),DC,240,AC2,3.3,94.50%,,,91.80%,94.10%,94.80%,,95.10%,,,94.90%,,,94.50%,A,"Small, Med",,,,,,,
String Inverter L,Silicon,SiE 3840,250 (200-400),DC,208,AC3LL,3.4,95.50%,,,91.80%,95.10%,96.00%,,96.30%,,,96.00%,,,95.20%,A,"Small, Med",,,,,,,
String Inverter L,Solar Liberty,SLX 4000,275 (230-400),DC,208,AC3LL,3.5,95.50%,,,90.40%,94.70%,95.70%,,96.00%,,,95.90%,,,95.30%,A,"Small, Med",,,,,,,
String Inverter L,SunPower,SunPower SPR-3300f,366 (230-480),DC,208,AC3LL,3.3,95.00%,,,92.00%,94.90%,95.30%,,95.80%,,,95.80%,,,95.30%,A,"Small, Med",,,,,,,
String Inverter L,Kinglong,Sunteams 4000,350 (270-440),DC,208,AC3LL,4,97.00%,,,95.40%,97.10%,97.50%,,97.60%,,,97.40%,,,97.20%,A,"Small, Med",,,,,,,
String Inverter L,Xantrex,GT 3.3- NA-DS,266 (195-480),DC,208,AC3LL,3.3,94.00%,,,89.50%,93.20%,94.10%,,94.60%,,,94.30%,,,93.60%,A,"Small, Med",,,,,,,
String Inverter L,Yes!,ES4000,250 (200-400),DC,208,AC3LL,3.4,95.50%,,,91.80%,95.10%,96.00%,,96.30%,,,96.00%,,,95.20%,A,"Small, Med",,,,,,,
,,,,,,,,,,,,,,,,,,,,,,,,,,,,,,
String Inverter H,ABB,TRIO-27.6-TL-OUTD-US-480,715 (200-950),DC,480,AC3LL,27.6,97.50%,,,95.40%,97.10%,97.60%,,97.80%,,,97.90%,,,97.80%,A,Large,,,373.9696333,,,,
String Inverter H,Fronius,Symo 24.0-3 480,725 (200-1000),DC,480,AC3LL,24,97.50%,,,96.20%,97.50%,97.80%,,98.00%,,,98.00%,,,97.90%,A,Large,5420,225.8333333,,http://www.wholesalesolar.com/2935180/fronius/inverters/fronius-symo-lite-24.0-3-24kw-3-phase-480-inverter,,,
String Inverter H,Ginlong,Solis-20K-US,650 (200-800),DC,480,AC3LL,20,97.50%,,,95.30%,96.40%,97.00%,,97.80%,,,98.20%,,,97.60%,A,Large,,,,,,,
String Inverter H,Ingeteam,IS 24TL U M480,700 (200-820),DC,480,AC3LL,24,98.00%,,,97.80%,98.60%,98.70%,,98.70%,,,98.60%,,,98.50%,A,Large,,,,,,,
String Inverter H,KACO,32.0 TL3 M1 GM OD USK0,530 (310-600),DC,480,AC3LL,32,97.00%,,,97.60%,98.00%,98.00%,,98.00%,,,97.80%,,,97.60%,A,Large,,,,,,,
String Inverter H,Schneider,Conext CL25000NA,720 (500-800),DC,480,AC3LL,25,98.00%,,,97.90%,98.10%,98.30%,,98.40%,,,98.30%,,,98.10%,A,Large,6885,275.4,,https://www.solaris-shop.com/schneider-electric-conext-cl-25kw-inverter-pvscl25na301/,,,
String Inverter H,SMA,STP30000TL-US-10,720 (500-800),DC,480,AC3LL,30,98.00%,,,97.60%,98.40%,98.70%,,98.60%,,,98.50%,,,98.30%,A,Large,5254,175.1333333,,https://www.solaris-shop.com/sma-stp30-us-10-30kw-inverter-stp30000tl-us-10/,,,
String Inverter H,SolarEdge,SE20k,882 (842-962),DC,480,AC3LL,20,98.00%,,,96.60%,97.50%,97.90%,,98.00%,,,98.00%,,,97.90%,A,Large,,,,,,,
String Inverter H,Solectria,PVI 28TL-480,725 (500-800),DC,480,AC3LL,28,98.00%,,,97.50%,98.30%,98.50%,,98.50%,,,98.40%,,,98.20%,A,Large,4718,168.5,,https://www.altestore.com/store/inverters/grid-tie-inverters/8kw-and-commercial-grid-tie-inverters/solectria-pvi-28tl-28kw-3-phase-transformerless-inverter-480vac-p11480/,,,
String Inverter H,Tabuchi,EPW-T250P6-US,700 (500-800),DC,480,AC3LL,25,97.50%,,,94.30%,96.60%,98.10%,,98.50%,,,98.00%,,,97.40%,A,Large,,,,,,,
String Inverter H,Delta,Delta 20 TL,720 (500-800),DC,480,AC3LL,20,98.00%,,,97.30%,98.20%,98.50%,,98.60%,,,98.60%,,,98.50%,A,Large,,,,,,,
String Inverter H,Ballard,EPC-PV-208-30KW,322 (290-420),DC,480,AC3LL,30,93.00%,,,83.30%,89.70%,92.12%,,93.58%,,,94.00%,,,93.77%,A,Large,,,,,,,
String Inverter H,Princeton,GTIB30-480BGNSC,443 (280-580),DC,480,AC3LL,30,,,96.50%,,,,,,,,,,,,A,Large,,,,,,,
,,,,,,,,,,,,,,,,,,,,,,,,,,,,,,
Central Inverter,AEG,PV 500-UL,660 (500-820),DC,480,AC3LL,510,97.50%,,,93.70%,96.30%,97.10%,,97.50%,,,97.60%,,,97.40%,A,N/A,,,#DIV/0!,,,,
Central Inverter,Ingeteam,Ingecon Sun 500TL U X275,605 (460-750),DC,480,AC3LL,500,98.00%,,,97.80%,98.00%,98.10%,,98.10%,,,97.90%,,,97.50%,A,N/A,,,,,,,
Central Inverter,Power Electronics,FS0501CU,575 (500-800),DC,480,AC3LL,500,98.00%,,,97.00%,97.80%,97.90%,,98.00%,,,98.10%,,,98.00%,A,N/A,,,,,,,
Central Inverter,SatCon,PVS-500 (480V),365 (315-480),DC,480,AC3LL,500,97.00%,,,96.40%,97.30%,97.30%,,97.20%,,,96.80%,,,96.40%,A,N/A,,,,,,,
Central Inverter,Schneider,XC540-NA,529 (439-800),DC,480,AC3LL,540,97.50%,,,96.20%,97.68%,97.97%,,98.02%,,,97.94%,,,97.44%,A,N/A,,,,,,,
Central Inverter,SMA,SC500CP-US: 270 Vac,530 (430-820),DC,480,AC3LL,514,98.00%,,,96.84%,97.84%,98.13%,,98.20%,,,98.11%,,,97.79%,A,N/A,,,,,,,
Central Inverter,Solectria,SGI 500-480,360 (300-480),DC,480,AC3LL,500,97.00%,,,94.53%,96.87%,97.34%,,97.51%,,,97.28%,,,96.94%,A,N/A,,,,,,,
Central Inverter,TMEIC,PVL-L0630U-S,615 (550-800),DC,480,AC3LL,630,98.50%,,,96.90%,98.40%,98.40%,,98.90%,,,98.70%,,,98.50%,A,N/A,,,,,,,
,,,,,,,,,,,,,,,,,,,,,,,,,,,,,,
Microinverter L,Altenergy,YC1000-3,40 (33-48),DC,208,AC3LN,0.9,94.50%,,,89.40%,93.80%,94.50%,,94.60%,,,94.70%,,,94.10%,A',"Small, Med",,,,,,,
Microinverter L,Altenergy,YC500A,35 (24-45),DC,240,AC2,0.5,95.00%,,,92.50%,95.10%,95.60%,,95.60%,,,95.70%,,,95.30%,A',"Small, Med",,,596,,,,
Microinverter L,Altenergy,YC200-NA,36 (27-45),DC,240,AC2,0.22,94.00%,,,89.90%,91.30%,92.90%,,93.90%,,,94.80%,,,94.90%,A',"Small, Med",,,,,,,
Microinverter L,Apparent,SG424,36.4 (28.8-48.3),DC,120,AC1,0.23,91.50%,,,85.30%,90.20%,91.40%,,92.20%,,,92.20%,,,91.60%,A',"Small, Med",,,,,,,
Microinverter L,Chilicon Power,CP-250,28 (24-35),DC,240,AC2,0.22,96.00%,,,92.00%,95.40%,96.30%,,96.60%,,,96.50%,,,96.10%,A',"Small, Med",,,,,,,
Microinverter L,Darfon,MIG300UL00,36 (30-40),DC,240,AC2,0.25,95.00%,,,89.90%,93.50%,94.90%,,95.20%,,,95.70%,,,95.70%,A',"Small, Med",,,,,,,
Microinverter L,Enphase,M175,32.5 (25-40),DC,240,AC2,0.175,94.00%,,,86.30%,91.80%,93.60%,,94.40%,,,94.80%,,,94.50%,A',"Small, Med",,,,,,,
Microinverter L,Enphase,M200,54.5 (44-65),DC,240,AC2,0.2,95.00%,,,92.40%,94.30%,94.50%,,95.00%,,,95.40%,,,95.30%,A',"Small, Med",,,,,,,
Microinverter L,Enphase,M250,32 (27-38),DC,240,AC2,0.25,96.50%,,,95.00%,96.00%,96.20%,,96.50%,,,96.60%,,,96.40%,A',"Small, Med",149,596,,http://www.wholesalesolar.com/brands/enphase-energy,,,
Microinverter L,Enphase,M270,32 (27-37),DC,240,AC2,0.27,97.00%,,,95.30%,96.50%,96.70%,,97.10%,,,97.20%,,,96.90%,A',"Small, Med",,,,,,,
Microinverter L,Enphase,D380,32 (22-40),DC,240,AC2,0.38,95.00%,,,93.70%,94.90%,95.20%,,95.60%,,,95.50%,,,95.10%,A',"Small, Med",,,,,,,
Microinverter L,SMA,SB240-US-10,30.2 (29.5-32),DC,240,AC2,0.24,96.00%,,,95.20%,95.70%,95.80%,,95.90%,,,95.80%,,,95.80%,A',"Small, Med",,,,,,,
Microinverter L,ABB,MICRO-0.25-I-OUTD-US 240,40 (30-50),DC,240,AC2,0.25,96.00%,,,91.20%,94.20%,95.30%,,96.30%,,,96.20%,,,96.50%,A',"Small, Med",,,,,,,
Microinverter L,ABB,MICRO-0.3-I-OUTD-US 240,40 (30-50),DC,240,AC2,0.3,96.00%,,,92.00%,94.80%,95.70%,,96.30%,,,96.40%,,,96.40%,A',"Small, Med",,,,,,,
Microinverter L,SolarBridge,P235HV-240,43 (30-50),DC,240,AC2,0.225,94.50%,,,85.90%,91.30%,93.20%,,94.90%,,,95.30%,,,95.30%,A',"Small, Med",,,,,,,
Microinverter L,SolarBridge,P250HV-208/240,42.5 (33.5-46),DC,240,AC2,0.24,95.00%,,,88.60%,93.50%,94.70%,,95.30%,,,95.60%,,,94.80%,A',"Small, Med",,,,,,,
Microinverter L,Renesola,Replus-250A ,28.5 (22-44),DC,240,AC2,0.225,95.00%,,,89.70%,93.90%,95.20%,,95.10%,,,96.20%,,,96.20%,A',"Small, Med",,,,,,,
Microinverter L,Renesola,Replus-300-240A,29 (22-38),DC,240,AC2,0.25,95.50%,,,92.90%,94.70%,94.50%,,95.70%,,,96.10%,,,96.30%,A',"Small, Med",,,,,,,
Microinverter L,Petra,103.10400.0002,35 (30-40),DC,240,AC2,0.24,96.00%,,,90.91%,95.02%,95.83%,,96.21%,,,96.34%,,,96.34%,A',"Small, Med",,,,,,,
Microinverter L,Sparq,S215NA2240,27 (22-40),DC,240,AC2,0.21,93.00%,,,83.80%,91.00%,91.50%,,93.90%,,,94.10%,,,93.80%,A',"Small, Med",,,,,,,
Microinverter L,Involar,MAC250A-240-NA,35 (28-40),DC,240,AC2,0.23,93.00%,,,86.10%,88.90%,92.40%,,93.80%,,,94.00%,,,94.00%,A',"Small, Med",,,,,,,
Microinverter L,Involar,MAC500-XX,35 (30-40),DC,240,AC2,0.5,94.50%,,,93.00%,94.20%,94.50%,,94.70%,,,94.80%,,,94.20%,A',"Small, Med",,,,,,,
Microinverter L,LeadSolar,LS600 (240V),36 (27-45),DC,240,AC2,0.5,95.50%,,,94.20%,95.60%,95.20%,,95.90%,,,95.70%,,,95.30%,A',"Small, Med",,,,,,,
Microinverter L,LeadSolar,LS700TS-240,54 (52-56),DC,240,AC2,0.7,95.50%,,,90.80%,93.80%,95.20%,,96.00%,,,95.90%,,,95.60%,A',"Small, Med",,,,,,,
,,,,,,,,,,,,,,,,,,,,,,,,,,,,,,
Microinverter H,Altenergy,YC1000-3-480,36 (28-48),DC,480,AC3LL,0.9,94.50%,,,88.90%,93.60%,94.30%,,94.50%,,,95.30%,,,95.20%,A',Large,,,,,,,
Microinverter H,Altenergy,YC1000-3-K480,51.5 (50-55),DC,480,AC3LL,1.16,94.50%,,,90.70%,94.60%,95.30%,,95.30%,,,94.90%,,,93.40%,A',Large,,,,,,,
Microinverter H,LeadSolar,LS700S,54 (52-56),DC,277,AC3LN,0.7,96.00%,,,93.20%,95.70%,96.20%,,95.50%,,,96.10%,,,96.00%,A',Large,,,,,,,
Microinverter H,Enphase,C250,39 (27.5-47.5),DC,277,AC3LN,0.25,96.50%,,,95.10%,96.10%,96.40%,,96.60%,,,96.60%,,,96.50%,A',Large,,,,,,,
,,,,,,,,,,,,,,,,,,,,,,,,,,,,,,
Rectifier LED LL,Delta,LNE-48V100W,115 (100-277),AC1,48,DC,0.1,,,,72.53%,83.50%,88.11%,90.11%,91.06%,91.66%,92.06%,,92.06%,92.01%,92.20%,"A,A', B,B'","Small, Med",59.6715,59.6715,53.8405,http://outletstore.nexum.si/products/power_electronics/led_drivers/1832/delta_led_driver_48v_100w_2_0a_cv_cc_dimming/,,,
Rectifier LED LL,Delta,LNE-48V120W,115 (100-277),AC1,48,DC,0.12,,,,72.55%,87.15%,90.08%,91.25%,91.77%,92.04%,92.13%,,92.21%,92.13%,91.96%,"A,A', B,B'","Small, Med",,,,,,,
Rectifier LED LL,Delta,LNE-48V150W,115 (100-277),AC1,48,DC,0.15,,,,71.51%,84.88%,88.50%,89.78%,90.78%,91.29%,91.35%,,91.68%,91.59%,91.59%,"A,A', B,B'","Small, Med",,,,,,,
Rectifier LED LL,Delta,LNE-48V185W,115 (100-277),AC1,48,DC,0.185,,,,75.99%,86.86%,89.27%,90.75%,91.23%,91.75%,91.80%,,91.89%,91.56%,91.42%,"A,A', B,B'","Small, Med",,,,,,,
Rectifier LED LL,Delta,LNE-54V150W,115 (100-277),AC1,54,DC,0.15,,,,76.55%,86.41%,88.99%,90.62%,91.15%,91.55%,91.63%,,91.72%,91.72%,91.72%,"A,A', B,B'","Small, Med",,,,,,,
Rectifier LED LL,Delta,LNE-54V185W,115 (100-277),AC1,54,DC,0.185,,,,80.56%,88.04%,90.06%,91.29%,91.62%,92.05%,91.92%,,91.78%,91.59%,91.59%,"A,A', B,B'","Small, Med",80,80,,http://www.digikey.com/products/en?keywords=LNE-48V185WDAA,,,
Rectifier LED LL,Phillips,Xi040C070V056CnJ1 ,120,AC1,48 (27-54),DC,0.04,,,,57.26%,72.42%,79.25%,82.84%,84.64%,85.74%,86.55%,,87.10%,87.31%,87.61%,"A,A', B,B'","Small, Med",21.85,21.85,,http://www.futurelightingsolutions.com/en/Product.aspx?ProductID=XI040C070V056CNJ1PHILIPSLIGHTING5034258&Catalog=FutureStore&IM=0,,,
Rectifier LED LL,Phillips,XI075C200V054XPT1 ,120,AC1,48 (27-54),DC,0.075,,,,65.09%,76.96%,84.04%,85.71%,86.85%,87.58%,87.71%,,87.85%,87.65%,87.25%,"A,A', B,B'","Small, Med",,,,,,,
,,,,,,,,,,,,,,,,,,,,,,,,,,,,,,
Rectifier LED HL,Phillips,Xi040C070V056CnJ1 ,277,AC3LN,48 (27-54),DC,0.04,,,,54.99%,70.53%,78.49%,82.60%,85.04%,86.82%,87.96%,,88.83%,89.59%,89.96%,N/A,N/A,,,,,,,
Rectifier LED HL,Phillips,XI075C200V054XPT1 ,277,AC3LN,48 (27-54),DC,0.075,,,,65.84%,77.96%,84.20%,86.38%,87.89%,89.01%,89.67%,,89.93%,90.13%,90.08%,N/A,N/A,,,,,,,
Rectifier LED HL,Delta,LNE-48V100W,277 (100-277),AC3LN,48,DC,0.1,,,,75.27%,81.03%,87.21%,89.02%,90.44%,90.54%,91.87%,,92.44%,92.92%,93.30%,N/A,N/A,,,,,,,
Rectifier LED HL,Delta,LNE-48V120W,277 (100-277),AC3LN,48,DC,0.12,,,,73.67%,85.88%,89.08%,90.37%,91.06%,92.11%,92.85%,,93.37%,93.61%,93.85%,N/A,N/A,,,,,,,
Rectifier LED HL,Delta,LNE-48V150W,277 (100-277),AC3LN,48,DC,0.15,,,,73.76%,84.31%,87.78%,89.40%,90.16%,91.21%,92.11%,,92.73%,93.16%,93.35%,N/A,N/A,,,,,,,
Rectifier LED HL,Delta,LNE-48V185W,277 (100-277),AC3LN,48,DC,0.185,,,,76.32%,85.62%,88.91%,89.79%,91.39%,92.56%,93.04%,,93.51%,93.56%,93.70%,N/A,N/A,,,,,,,
Rectifier LED HL,Delta,LNE-54V150W,277 (100-277),AC3LN,54,DC,0.15,,,,77.08%,85.84%,88.56%,89.86%,90.38%,91.53%,92.30%,,92.77%,92.97%,93.44%,N/A,N/A,,,,,,,
Rectifier LED HL,Delta,LNE-54V185W,277 (100-277),AC3LN,54,DC,0.185,,,,80.34%,86.93%,89.28%,90.28%,91.76%,92.59%,93.08%,,93.41%,93.59%,93.61%,N/A,N/A,,,,,,,
Rectifier LED HL,Delta,LNV-48V320W,277 (180-528),AC3LN,48,DC,0.32,,,93.50%,,,,,,,,,,,,N/A,N/A,,,,,,,
Rectifier LED HL,Delta,LNV-48V320W,480 (180-528),AC3LL,48,DC,0.32,,,94.00%,,,,,,,,,,,,N/A,N/A,,,,,,,
,,,,,,,,,,,,,,,,,,,,,,,,,,,,,,
Rectifier LL 0-1,Vicor,PFM4414xB6M48D0yzz,120 (85-265),AC1,48,DC,0.4,,,,78.21%,86.93%,89.38%,90.75%,91.80%,92.34%,92.61%,,92.81%,92.91%,93.00%,"A,A', B,B'","Small, Med",184.14,184.14,184.545,http://www.digikey.com/product-detail/en/vicor-corporation/PFM4414VB6M48D0C00/PFM4414VB6M48D0C00-ND/5803447,,,
Rectifier LL 0-1,Vicor,PFM4914xB6M48D0yzz,120 (85-265),AC1,48,DC,0.4,,,,78.02%,86.48%,88.91%,90.30%,91.32%,91.91%,92.17%,,92.34%,92.40%,92.48%,"A,A', B,B'","Small, Med",184.95,184.95,,http://www.digikey.com/product-detail/en/vicor-corporation/PFM4914BB6M48D0C08/1102-5464-ND/5288551,,,
Rectifier LL 0-1,Murata,MVAD040 ,120 (90-264),AC1,48,DC,0.04,,,,85.93%,88.47%,89.12%,88.90%,89.12%,89.55%,89.58%,,89.64%,90.08%,89.83%,"A,A', B,B'","Small, Med",,,,,,,
Rectifier LL 0-1,Murata,MVAD065 ,120 (90-264),AC1,48,DC,0.065,,,,87.04%,88.99%,89.37%,89.49%,89.55%,89.22%,89.91%,,89.55%,89.52%,89.49%,"A,A', B,B'","Small, Med",,,,,,,
Rectifier LL 0-1,Murata,MVAB120 ,120 (90-264),AC1,48,DC,0.12,,,,73.61%,84.92%,87.42%,89.07%,89.57%,90.10%,90.22%,,90.22%,90.15%,90.00%,"A,A', B,B'","Small, Med",,,,,,,
Rectifier LL 0-1,Murata,MVAD160 ,120 (90-264),AC1,48,DC,0.16,,,,80.69%,87.83%,90.28%,91.18%,91.51%,91.66%,91.63%,,91.48%,91.28%,90.98%,"A,A', B,B'","Small, Med",,,,,,,
Rectifier LL 0-1,Murata,MVAC250 ,120 (90-264),AC1,48,DC,0.25,,,,82.01%,87.91%,90.41%,91.25%,92.21%,92.62%,92.94%,,92.79%,92.75%,92.62%,"A,A', B,B'","Small, Med",,,,,,,
Rectifier LL 0-1,Murata,MVAC400 ,120 (90-264),AC1,48,DC,0.4,,,,86.44%,89.89%,91.73%,92.08%,92.27%,92.15%,91.96%,,91.78%,91.13%,91.30%,"A,A', B,B'","Small, Med",,,,,,,
Rectifier LL 0-1,Recom,REDIN120 ,120 (100-240),AC1,48 (48-56) ,DC,0.12,,,,76.11%,84.11%,86.65%,88.08%,88.43%,88.57%,89.02%,,89.06%,89.06%,89.07%,"A,A', B,B'","Small, Med",,,,,,,
Rectifier LL 0-1,Recom,REDIN240,120 (100-240),AC1,48 (48-56) ,DC,0.24,,,,74.39%,85.91%,89.09%,90.30%,90.76%,90.97%,90.99%,,90.99%,90.89%,90.88%,"A,A', B,B'","Small, Med",,,,,,,
Rectifier LL 0-1,SynQor,AQ0300IU48,120 (85-264),AC1,48,DC,0.3,,,,76.76%,86.23%,88.62%,89.97%,90.48%,90.64%,90.64%,,90.57%,90.37%,89.91%,"A,A', B,B'","Small, Med",,,,,,,
Rectifier LL 0-1,SynQor,AQ0400IU48,120 (85-264),AC1,48,DC,0.4,,,,80.85%,87.58%,89.64%,90.45%,90.61%,90.57%,90.47%,,89.91%,89.30%,88.70%,"A,A', B,B'","Small, Med",,,,,,,
Rectifier LL 0-1,SynQor,AQ0500IU48,120 (85-264),AC1,48,DC,0.5,,,,85.24%,89.41%,90.51%,90.59%,90.41%,89.64%,88.74%,,87.64%,86.62%,85.80%,"A,A', B,B'","Small, Med",,,,,,,
Rectifier LL 0-1,SynQor,AQ0800IU48,120 (85-264),AC1,48,DC,0.8,,,,83.38%,89.43%,91.22%,92.22%,92.52%,92.51%,92.29%,,92.17%,91.87%,91.72%,"A,A', B,B'","Small, Med",,,,,,,
Rectifier LL 0-1,XPPower,CCB200PS48 ,120 (80-300),AC1,48 (12-56),DC,0.2,,,,87.55%,91.33%,92.66%,93.33%,94.08%,94.18%,94.54%,,94.47%,94.39%,94.48%,"A,A', B,B'","Small, Med",,,,,,,
Rectifier LL 0-1,XPPower,EMA212PS48 ,120 (90-264),AC1,48 (12-48),DC,0.212,,,,71.55%,79.42%,83.88%,86.23%,87.02%,87.81%,88.33%,,88.86%,89.12%,89.38%,"A,A', B,B'","Small, Med",,,,,,,
Rectifier LL 0-1,XPPower,EMH350PS48 ,120 (80-275),AC1,48 (12-48),DC,0.35,,,,65.47%,76.60%,82.09%,83.63%,85.12%,85.99%,86.51%,,86.73%,86.78%,87.16%,"A,A', B,B'","Small, Med",,,,,,,
Rectifier LL 0-1,XPPower,LCL500PS48 ,120 (85-264),AC1,48 (12-48),DC,0.5,,,,76.47%,85.25%,87.96%,88.74%,89.52%,90.15%,90.61%,,90.43%,90.58%,90.56%,"A,A', B,B'","Small, Med",,,,,,,
Rectifier LL 0-1,XPPower,MHP650PS48 ,120 (85-264),AC1,48 (12-48),DC,0.6,,,,70.77%,76.73%,78.92%,81.97%,83.13%,83.84%,84.27%,,84.52%,84.55%,84.38%,"A,A', B,B'","Small, Med",,,,,,,
Rectifier LL 0-1,XPPower,SHP350PS48 ,120 (85-264),AC1,48 (12-48),DC,0.35,,,,64.85%,73.57%,75.16%,76.11%,77.48%,78.46%,79.47%,,79.71%,80.13%,80.40%,"A,A', B,B'","Small, Med",,,,,,,
Rectifier LL 0-1,XPPower,SHP650PS48 ,120 (85-264),AC1,48 (12-48),DC,0.65,,,,70.83%,76.80%,79.17%,82.18%,83.19%,83.90%,84.33%,,84.43%,84.40%,84.40%,"A,A', B,B'","Small, Med",,,,,,,
Rectifier LL 1-5,XPPower,MHP1000PS48 ,120 (85-264),AC1,48 (12-48),DC,1,,,,70.65%,76.80%,78.86%,82.04%,83.03%,83.81%,84.21%,,84.47%,84.45%,84.28%,"A,A', B,B'","Small, Med",,,,,,,
Rectifier LL 1-5,XPPower,SHP1000PS48 ,120 (85-264),AC1,48 (12-48),DC,1,,,,73.65%,80.59%,83.28%,84.98%,85.83%,86.54%,86.97%,,87.39%,87.53%,87.53%,"A,A', B,B'","Small, Med",,,,,,,
Rectifier LL 1-5,SynQor,AQ1100IU48,120 (85-264),AC1,48,DC,1.1,,,,86.44%,90.71%,92.20%,92.52%,92.53%,92.29%,91.98%,,91.60%,91.29%,90.84%,"A,A', B,B'","Small, Med",,,,,,,
Rectifier LL 1-5,SynQor,AQ1400IU48,120 (85-264),AC1,48,DC,1.4,,,,88.85%,91.79%,92.51%,92.29%,91.98%,91.49%,90.88%,,90.16%,89.45%,88.79%,"A,A', B,B'","Small, Med",,,,,,,
Rectifier LL 1-5,Emerson,R48-2000e,120 (187-264),AC1,48,DC,2,,,,90.23%,95.09%,96.04%,96.12%,96.04%,96.10%,95.85%,,95.62%,95.62%,95.24%,"A,A', B,B'","Small, Med",,,,,,,
,,,,,,,,,,,,,,,,,,,,,,,,,,,,,,
Rectifier HL 0-1,XPPower,CCB200PS48 ,277,AC3LN,48 (12-56),DC,0.2,,,,87.98%,91.76%,93.09%,93.85%,94.51%,94.70%,94.89%,,94.98%,95.08%,95.08%,N/A,Large,,,,,,,
Rectifier HL 0-1,XPPower,EMH350PS48 ,277 (80-275),AC3LN,48 (12-48),DC,0.35,,,,66.03%,76.27%,81.53%,84.30%,86.01%,86.99%,88.06%,,88.39%,88.89%,89.38%,N/A,Large,,,,,,,
Rectifier HL 1-15,Eltek,Flatpack S 48/1000 HE,277 (185-270),AC3LN,48 (43.2-57.6),DC,1,,,95.50%,,,,,,,,,,,,N/A,Large,,,,,,,
Rectifier HL 1-15,Eltek,Flatpack S 48/1800 HE,277 (195-277),AC3LN,48 (43.2-57.6),DC,1.8,,,95.80%,,,,,,,,,,,,N/A,Large,,,,,,,
Rectifier HL 1-15,Eltek,Flatpack2 48/2000,277 (185-275),AC3LN,48 (43.2-57.6),DC,2,,,92.50%,,,,,,,,,,,,N/A,Large,,,,,,,
Rectifier HL 1-15,Eltek,Flatpack2 48/3000,277 (176-275),AC3LN,48 (43.2-57.6),DC,3,,,95.00%,,,,,,,,,,,,N/A,Large,,,,,,,
Rectifier HL 1-15,Eltek,Flatpack2 48/2000W HE,277 (185-275),AC3LN,48 (43.5-57.6),DC,2,,,96.50%,,,,,,,,,,,,N/A,Large,,,,,,,
Rectifier HL 1-15,Eltek,Flatpack2 48/3000W HE,277 (176-277),AC3LN,48 (43.5-57.6),DC,3,,,96.20%,,,,,,,,,,,,N/A,Large,,,,,,,
Rectifier HL 1-15,Emerson,R48-3200e,240 (200-250),AC2,48 (42-58),DC,3.2,,,96.80%,94.01%,95.76%,96.62%,96.82%,96.82%,96.65%,96.38%,,96.09%,95.75%,95.50%,,,,,,,,,
Rectifier HL 1-15,Emerson,R48-3500e,240 (200-250),AC2,48,DC,3.5,,,,93.39%,95.28%,96.24%,96.56%,96.60%,96.59%,96.40%,,96.19%,95.71%,95.18%,N/A,Large,,,327.8571429,,,,
Rectifier HL 1-15,Emerson,R48-5800e,480 (260-530),AC3LL,48,DC,5.8,,,,89.80%,93.76%,95.26%,95.93%,96.34%,96.47%,96.47%,,96.41%,96.34%,96.24%,N/A,Large,,,,,,,
Rectifier HL 1-15,Murata,D2U5T-H3-7000-54-HU4C ,480 (320-525),AC3LL,54,DC,7,,,,90.39%,94.22%,95.26%,95.87%,96.02%,96.05%,96.05%,,95.96%,95.75%,95.51%,N/A,Large,2295,327.8571429,,http://www.digikey.com/products/en?keywords=D2U5T-H3-7000-54-HU4C,,,
Rectifier HL 1-15,Emerson,R48-12000e,480 (408-528),AC3LL,48,DC,11.6,,,,91.29%,94.15%,95.16%,95.71%,95.94%,96.00%,96.04%,,95.94%,95.79%,95.59%,N/A,Large,,,,,,,
,,,,,,,,,,,,,,,,,,,,,,,,,,,,,,
Rectifier LH,Murata,D2U5T-H3-5000-380-HU3C ,208 (180-264),AC3LN,380,DC,3.5,,,,85.00%,89.04%,91.80%,92.99%,93.55%,93.96%,94.17%,,94.20%,94.29%,94.30%,"A,A', B, B'",Med,,,,,,,
Rectifier LH,Eltek,Flatpack2 380/3000 HE,208 (85-305),AC3LN,380 (300-400),DC,3,,,96.20%,,,,,,,,,,,,"A,A', B, B'",Med,,,,,,,
Rectifier LH,(Research),kim2013high,208,AC3LN,380,DC,5,,,,88.37%,93.45%,94.92%,95.70%,95.89%,95.75%,95.67%,,95.29%,94.85%,94.43%,"A,A', B, B'",Med,,,,,,,
,,,,,,,,,,,,,,,,,,,,,,,,,,,,,,
Rectifier HH,Emerson,R400-15000e,480 (260-530),AC3LL,380 (290-400),DC,15,,,,94.48%,96.13%,96.61%,96.83%,96.94%,96.91%,96.93%,,96.94%,96.83%,96.72%,"A,A', B, B'",Large,,,,,,,
Rectifier HH,Emerson,Netsure 4015,480 (260-530),AC3LL,380 (290-400),DC,30,,,97.00%,94.97%,96.90%,97.40%,97.57%,97.83%,97.77%,97.77%,,97.70%,97.57%,97.50%,"A,A', B, B'",Large,,,,,,,
Rectifier HH,Emerson,Netsure 9500,480 (260-530),AC3LL,380 (290-400),DC,120,,,97.00%,90.32%,95.19%,96.50%,97.13%,97.34%,97.44%,97.41%,,97.31%,97.09%,96.91%,"A,A', B, B'",Large,,,,,,,
Rectifier HH,Eltek,Flatpack2 380/3000 HE,277 (85-305),AC3LN,380 (300-400),DC,3,,,96.20%,,,,,,,,,,,,"A,A', B, B'",Large,,,,,,,
Rectifier HH,Murata,D2U5T-H3-5000-380-HU3C ,480 (320-528),AC3LL,380,DC,5,,,,88.00%,92.16%,94.03%,94.78%,95.13%,95.35%,95.46%,,95.44%,95.44%,95.35%,"A,A', B, B'",Large,,,,,,,
,,,,,,,,,,,,,,,,,,,,,,,,,,,,,,
Grid Tie Inverter,One-Cycle,BDC3100A6208,208 (175-240),AC3LN,365,DC,24,,,97.00%,,,,,,,,,,,,"A,A', B, B'",Med,,,,,,,
Grid Tie Inverter,EnSync,Matrix,208,AC3LN,380 (350-450),DC,25,,,98.00%,,,,,,,,,,,,"A,A', B, B'",Med,,,,,,,
Grid Tie Inverter,DirectCurrent,Active Front End,480,AC3LL,380 (350),DC,"50,100,150,200",,,97.00%,,,,,,,,,,,,,,,,,,,,
Grid Tie Inverter,Pika,Islanding Inverter X7602,240,AC2,380,DC,8,96.50%,,97.00%,,,,,,,,,,,,,,,,,,,,
Grid Tie Inverter,Pika,Islanding Inverter X11402,208,AC3LN,380,DC,12,97.50%,,98.00%,,,,,,,,,,,,,,,,,,,,
Grid Tie Inverter,Pika,Hybrid Inverter X3001,240,AC2,380,DC,3,96.00%,,96.30%,94.00%,95.92%,96.33%,96.39%,96.29%,96.17%,96.02%,95.86%,95.72%,95.59%,,,,,,,,,,
Grid Tie Inverter,SolarEdge,SE3000,350 (305-480),DC,208,AC3LN,3,97.50%,,,95.60%,97.10%,97.50%,,97.60%,,,97.50%,,,97.30%,A,"Small, Med",,,,,,,
Grid Tie Inverter,SolarEdge,SE7600A,380 (<500),DC,240,AC2,8.35,97.50%,,98.00%,96.30%,97.40%,97.60%,,97.60%,,,97.50%,,,97.30%,A,"Small, Med",,,,,,,
,,,,,,,,,,,,,,,,,,,,,,,,,,,,,,
Battery Inverter LL,Schneider,XW+ 5548 NA,48 (40-64),DC,120,AC1,5.5,93.00%,,95.70%,92.20%,94.50%,94.50%,,94.00%,,,93.60%,,,91.30%,"A,A'","Small, Med",3875,704.5454545,,http://ressupply.com/inverters/schneider-electric-conext-xw5548-na-invertercharger,,,
Battery Inverter LL,Schneider,XW+ 6848 NA,48 (40-64),DC,120,AC1,6.8,92.50%,,95.70%,93.96%,94.98%,94.87%,94.45%,93.85%,93.17%,92.38%,,91.49%,90.15%,88.49%,"A,A'","Small, Med",4564,671.1764706,585.9346099,https://www.altestore.com/store/inverters/off-grid-inverters/schneider-electric-xw-plus-inverterchargers-p40562/#XANXW6848,,,
Battery Inverter LL,Schneider,SW 4048,48 (24-64),DC,120,AC1,3.8,,,94.00%,,,,,,,,,,,,"A,A'","Small, Med",1744,458.9473684,,http://ressupply.com/inverters/schneider-electric-conext-sw4048-120240-invertercharger,,,
Battery Inverter LL,Schneider,XW 4548 120 240 60,48 (40-64),DC,120,AC1,4.5,93.00%,,95.60%,,,,,,,,,,,,"A,A'","Small, Med",,,,,,,
Battery Inverter LL,Schneider,XW 6048 120 240 60,48 (40-64),DC,120,AC1,6,92.50%,,95.40%,,,,,,,,,,,,"A,A'","Small, Med",,,,,,,
Battery Inverter LL,SMA,SI 6048-US-10,48 (41-63),DC,120,AC1,5.75,94.00%,,96.00%,93.57%,95.38%,95.39%,94.93%,94.38%,93.82%,93.22%,,92.66%,92.04%,91.46%,"A,A'","Small, Med",4604,800.6956522,,https://www.altestore.com/store/inverters/hybrid-inverters/sma-sunny-island-6048-us-inverter-p10458/?gclid=Cj0KEQiAyuPCBRCimuayhb3qqvwBEiQAgz62keoLysXUvNIsYgIbXHn9Up0867Gi-CNYhH6MsiL15wUaAv098P8HAQ,,,
Battery Inverter LL,SMA,SI 4548-US-10,48 (41-63),DC,120,AC1,4.5,94.50%,,96.00%,93.84%,95.12%,95.71%,95.44%,95.16%,94.84%,94.54%,,94.13%,93.70%,93.24%,"A,A'","Small, Med",,,,,,,
Battery Inverter LL,Samlex,S1500-148,48 (42-62),DC,120,AC1,1.5,,,92.00%,,,,,,,,,,,,"A,A'","Small, Med",,,,,,,
Battery Inverter LL,Magnum,MS-PAE4448,48 (36-68),DC,120,AC1,4.4,,,94.00%,86.10%,92.20%,92.50%,92.30%,91.90%,91.30%,90.80%,,89.90%,88.60%,87.30%,"A,A'","Small, Med",,,,,,,
Battery Inverter LL,Outback,FXR3048A,48 (42-68),DC,120,AC1,3,91.00%,,93.00%,79.80%,87.10%,90.00%,,92.00%,,,92.00%,,,91.20%,"A,A'","Small, Med",,,,,,,
Battery Inverter LL,Outback,GTFX3048,48 (36-68),DC,120,AC1,3,91.00%,,93.00%,80.00%,87.00%,90.00%,,92.00%,,,92.00%,,,91.50%,"A,A'","Small, Med",,,,,,,
Battery Inverter LL,Outback,GVFX3648,48 (42-68),DC,120,AC1,3.6,91.00%,,93.00%,82.10%,88.50%,90.70%,,91.80%,,,91.60%,,,89.70%,"A,A'","Small, Med",1766,490.5555556,,http://ressupply.com/inverters/outback-gvfx3648-vented-inverter,,,
Battery Inverter LL,Outback,VFXR3648A,48 (42-68),DC,120,AC1,3.6,91.00%,,93.00%,82.20%,88.50%,90.70%,,91.80%,,,91.60%,,,89.70%,"A,A'","Small, Med",1835,509.7222222,,http://ressupply.com/inverters/outback-vfxr3648a-vented-invertercharger,,,
Battery Inverter LL,Outback,GS4048A,48 (40-64),DC,120,AC1,4,92.50%,,93.00%,87.10%,91.50%,92.90%,,93.30%,,,93.00%,,,90.80%,"A,A'","Small, Med",2675,668.75,,http://ressupply.com/inverters/outback-gs4048a-radian-invertercharger,,,
Battery Inverter LL,Outback,GS8048A,48 (40-64),DC,120,AC1,8,92.50%,,93.00%,91.50%,93.40%,93.00%,,93.30%,,,92.70%,,,90.80%,"A,A'","Small, Med",4013.56,501.695,,http://ressupply.com/inverters/outback-gs8048a-radian-invertercharger?gclid=Cj0KEQiAh4fEBRCZhriIjLfArrQBEiQArzzDAdy_kkSwwwncqa-62UyfkRPoOIbgTP2gXGJ5-szRhqwaAugf8P8HAQ,,,
Battery Inverter LL,Sigineer,APC2048NC,48 (40-64),DC,120,AC1,2,,,88.00%,,,,,,,,,,,,"A,A'","Small, Med",,,,,,,
Battery Inverter LL,Sigineer,HP3048E,48 (40-64),DC,120,AC1,3,,,90.00%,,,,,,,,,,,,"A,A'","Small, Med",,,,,,,
,,,,,,,,,,,,,,,,,,,,,,,,,,,,,,
Battery Inverter HL,Princeton,GTIB30-480BGNSC,380 (280-580),DC,208,AC1LL,30,,,96.50%,,,,,,,,,,,,"A,A'",Med,,,,,,,
Battery Inverter HL,SolarEdge,SE3000,350 (305-480),DC,208,AC3LN,3,97.50%,,,95.60%,97.10%,97.50%,,97.60%,,,97.50%,,,97.30%,A,"Small, Med",,,,,,,
Battery Inverter HL,SolarEdge,SE7600A,380 (<500),DC,240,AC2,8.35,97.50%,,98.00%,96.30%,97.40%,97.60%,,97.60%,,,97.50%,,,97.30%,A,"Small, Med",,,,,,,
Battery Inverter HL,Pika,Islanding Inverter X7602,240,AC2,380,DC,8,96.50%,,97.00%,,,,,,,,,,,,,,,,,,,,
Battery Inverter HL,Pika,Islanding Inverter X11402,208,AC3LN,380,DC,12,97.50%,,98.00%,,,,,,,,,,,,,,,,,,,,
Battery Inverter HL,Pika,Hybrid Inverter X3001,240,AC2,380,DC,3,96.00%,,96.30%,94.00%,95.92%,96.33%,96.39%,96.29%,96.17%,96.02%,95.86%,95.72%,95.59%,,,,,,,,,,
,,,,,,,,,,,,,,,,,,,,,,,,,,,,,,
,,,,,,,,,,,,,,,,,,,,,,,,,,,,,,
,,,,,,,,,,,,,,,,,,,,,,,,,,,,,,
,,,,,,,,,,,,,,,,,,,,,,,,,,,,,,
,,,,,,,,,,,,,,,,,,,,,,,,,,,,,,
,,,,,,,,,,,,,,,,,,,,,,,,,,,,,,
,,,,,,,,,,,,,,,,,,,,,,,,,,,,,,
,,,,,,,,,,,,,,,,,,,,,,,,,,,,,,
,,,,,,,,,,,,,,,,,,,,,,,,,,,,,,
,,,,,,,,,,,,,,,,,,,,,,,,,,,,,,
,,,,,,,,,,,,,,,,,,,,,,,,,,,,,,
,,,,,,,,,,,,,,,,,,,,,,,,,,,,,,
,,,,,,,,,,,,,,,,,,,,,,,,,,,,,,
,,,,,,,,,,,,,,,,,,,,,,,,,,,,,,
,,,,,,,,,,,,,,,,,,,,,,,,,,,,,,
,,,,,,,,,,,,,,,,,,,,,,,,,,,,,,
,,,,,,,,,,,,,,,,,,,,,,,,,,,,,,
,,,,,,,,,,,,,,,,,,,,,,,,,,,,,,
,,,,,,,,,,,,,,,,,,,,,,,,,,,,,,
,,,,,,,,,,,,,,,,,,,,,,,,,,,,,,
,,,,,,,,,,,,,,,,,,,,,,,,,,,,,,
,,,,,,,,,,,,,,,,,,,,,,,,,,,,,,
,,,,,,,,,,,,,,,,,,,,,,,,,,,,,,
,,,,,,,,,,,,,,,,,,,,,,,,,,,,,,
,,,,,,,,,,,,,,,,,,,,,,,,,,,,,,
,,,,,,,,,,,,,,,,,,,,,,,,,,,,,,
,,,,,,,,,,,,,,,,,,,,,,,,,,,,,,
,,,,,,,,,,,,,,,,,,,,,,,,,,,,,,
,,,,,,,,,,,,,,,,,,,,,,,,,,,,,,
,,,,,,,,,,,,,,,,,,,,,,,,,,,,,,
,,,,,,,,,,,,,,,,,,,,,,,,,,,,,,
,,,,,,,,,,,,,,,,,,,,,,,,,,,,,,
,,,,,,,,,,,,,,,,,,,,,,,,,,,,,,
,,,,,,,,,,,,,,,,,,,,,,,,,,,,,,
,,,,,,,,,,,,,,,,,,,,,,,,,,,,,,
,,,,,,,,,,,,,,,,,,,,,,,,,,,,,,
,,,,,,,,,,,,,,,,,,,,,,,,,,,,,,
,,,,,,,,,,,,,,,,,,,,,,,,,,,,,,
,,,,,,,,,,,,,,,,,,,,,,,,,,,,,,
,,,,,,,,,,,,,,,,,,,,,,,,,,,,,,
,,,,,,,,,,,,,,,,,,,,,,,,,,,,,,
,,,,,,,,,,,,,,,,,,,,,,,,,,,,,,
,,,,,,,,,,,,,,,,,,,,,,,,,,,,,,
,,,,,,,,,,,,,,,,,,,,,,,,,,,,,,
,,,,,,,,,,,,,,,,,,,,,,,,,,,,,,
,,,,,,,,,,,,,,,,,,,,,,,,,,,,,,
,,,,,,,,,,,,,,,,,,,,,,,,,,,,,,
,,,,,,,,,,,,,,,,,,,,,,,,,,,,,,
,,,,,,,,,,,,,,,,,,,,,,,,,,,,,,
,,,,,,,,,,,,,,,,,,,,,,,,,,,,,,
,,,,,,,,,,,,,,,,,,,,,,,,,,,,,,
,,,,,,,,,,,,,,,,,,,,,,,,,,,,,,
,,,,,,,,,,,,,,,,,,,,,,,,,,,,,,
,,,,,,,,,,,,,,,,,,,,,,,,,,,,,,
,,,,,,,,,,,,,,,,,,,,,,,,,,,,,,
,,,,,,,,,,,,,,,,,,,,,,,,,,,,,,
,,,,,,,,,,,,,,,,,,,,,,,,,,,,,,
,,,,,,,,,,,,,,,,,,,,,,,,,,,,,,
,,,,,,,,,,,,,,,,,,,,,,,,,,,,,,
,,,,,,,,,,,,,,,,,,,,,,,,,,,,,,